"File","Words"
"Barthel 1 (15.08.47) C.doc","797"
"Barthel 2 (24.10.47) C.doc","517"
"Barthel 3 (17.03.48) CuJo.doc","735"
"Barthel 4 (14.07.61) JO.doc","333"
"Barthel 5 (12.12.64) AaKaO.doc","231"
"Barthel 6 (16.03.65) C.doc","368"
"Barthel 7 (26.05.72) C.doc","385"
"Barthel 8 (08.01.78) AaKaO.doc","194"
"Bönsel 1 (12.07.63).doc","372"
"Bönsel 2 (29.01.65).doc","399"
"Bönsel 3 (23.07.66).doc","253"
"Dern 1 (07.08.53).doc","583"
"Dern 2 (10.03.54).doc","227"
"Dern 3 (24.05.56).doc","1042"
"Holler 1 (1889).doc","321"
"Holler 2 (10.12.89).doc","142"
"Holler 3 (20.02.1890-2).doc","470"
"Kneuper (08.08.72).doc","2421"
"Lenz 1 (17.08.49).doc","814"
"Lenz 2 (29.01.52).doc","452"
"Lenz 3 (29.05.55).doc","366"
"Möller 1 (02.11.65).doc","664"
"Möller 2 (Frühj. 66).doc","513"
"Möller 3 (30.01.67).doc","232"
"Möller 4 (28.02.68).doc","462"
"Müller L 1 (27.06.53).doc","916"
"Müller L 2 (08.01.65).doc","677"
"Müller L 3 (18.02.66).doc","166"
"READ-ME-ELSPASS-INFO.docx","214"
"Reuter 1 (15.10.36) CR.doc","1009"
"Reuter 2 (18.11.37) AR.doc","957"
"Weinrich 1 (20.02.54).doc","611"
"Weinrich 2 (26.07.61).doc","351"
"Weinrich 3 (16.11.62).doc","306"
"Weitz 1 (16.07.54).doc","1405"
"Weitz 2 (29.07.55).doc","1957"
"Weitz 3 (09.12.55).doc","615"
"Weitz 4 (20.04.56).doc","465"
